title,provider,subject
Journal of Imaginary Chemistry,Example Publisher One,Chemistry
Fictional Physics Letters,Example Publisher Two,Physics
The Annals of Pretend Biology,Example Publisher One,Biology
Hypothetical Geoscience Index,Sample Database Co.,Earth Sciences
Made-Up Materials & Methods,Example Publisher Three,Engineering
Placeholder Mathematics Review,Sample Database Co.,Mathematics
Notional Neuroscience Abstracts,Example Publisher Two,Neuroscience
Simulated Statistics Quarterly,Example Publisher Three,Statistics
Mock Marine Science Database,Sample Database Co.,Marine Science
Invented Ecology Archive,Example Publisher One,Ecology
  Demo Data Science Digest ,Example Publisher Two,Computer Science
Pseudo Pharmacology Portal,Sample Database Co.,Pharmacology
