Title,Provider,Subject
journal of imaginary chemistry,Example Publisher One,Chemistry
Fictional Physics Letters.,Example Publisher Two,Physics
Annals of Pretend Biology,Example Publisher One,Biology
Made-Up Materials and Methods,Example Publisher Three,Engineering
Placeholder Mathematics Review,Sample Database Co.,Mathematics
Speculative Astronomy Abstracts,Example Publisher Four,Astronomy
Example Engineering Encyclopedia,Example Publisher Three,Engineering
Demo Data Science Digest,Example Publisher Two,Computer Science
Sample Soil Science Collection,Sample Database Co.,Agriculture
Fabricated Food Science Files,Example Publisher Four,Food Science
,Example Publisher Four,
Placeholder Mathematics Review,Sample Database Co.,Mathematics
